id;description;description_content_type;requested_qty;requested_unit;media_uri;requestedmatsource;requestedmatcode;requestedmatsubcode;requestedmatdescription;requestedmatunit;supervisor_decision;newmatcode;matsource;matcode;matsubcode;matdescription;matunit;sdivno;siv_qty;delivery_status;delivered_qty;deleted;delete_date;deleted_by
1;../fake-data/blob/hipster.png;image/png;59588;Marketing Data;payment disintermediate Plastic;mindshare;fuchsia time-frame;Frozen;invoice Hungary bricks-and-clicks;Islands synergize;Wooden Innovative Investment;true;Avon;Mozambique Electronics;Checking;violet;coherent online;foreground;87655;Panama;83822;true;2022-05-19T23:03:42;COM
2;../fake-data/blob/hipster.png;image/png;66297;6th;dot-com Mouse;facilitate protocol ADP;Steel adapter teal;Cotton;Investor;1080p Division Borders;frictionless XSS parsing;false;Lead invoice Versatile;withdrawal Avon transitional;Wooden Guyana Mountains;Architect Group support;Overpass Music Account;engage project Incredible;95593;CSS;6415;true;2022-05-19T12:16:12;Executive Handcrafted alliance
3;../fake-data/blob/hipster.png;image/png;93609;Account;lime;synergize;user-facing Movies;Developer Home multi-tasking;Steel Pants;ADP Loan calculating;infrastructure Pants wireless;false;Common archive;circuit supply-chains;Prairie Incredible Directives;yellow;capacitor fault-tolerant;sexy red;66402;Pennsylvania Grocery;17840;false;2022-05-20T08:02:50;back-end Hat
4;../fake-data/blob/hipster.png;image/png;14659;Glens supply-chains 6th;Borders;quantifying;Facilitator;open-source Pa'anga target;card core strategy;transmitter Sports;system;true;intelligence;invoice Ergonomic Grocery;Developer;Borders Cambridgeshire;navigating online River;Track Chips back-end;12949;Frozen didactic Ball;47382;false;2022-05-19T12:17:46;analyzing
5;../fake-data/blob/hipster.png;image/png;2736;Naira;cross-platform;Paradigm Rubber time-frame;user array;white;Forward optical hack;program;Toys;true;Proactive dynamic;convergence;Berkshire local;User revolutionize;Supervisor Account Kids;Functionality help-desk salmon;55441;Car collaborative Market;83527;true;2022-05-19T18:59:08;Steel plum
6;../fake-data/blob/hipster.png;image/png;27379;haptic reboot THX;withdrawal sky workforce;Frozen purple;fuchsia Concrete navigating;projection program;Vision-oriented multi-tasking Shoes;purple evolve Rustic;monitor Account;false;Rubber Fresh haptic;of;payment;maximized state Checking;green;Sports Secured back;46899;Ergonomic Borders;85102;true;2022-05-20T04:18:50;Pitcairn
7;../fake-data/blob/hipster.png;image/png;10833;Plastic digital application;Unbranded seamless COM;Movies Borders;moratorium Road Port;orange COM;Pizza Interactions Electronics;best-of-breed Pennsylvania 1080p;withdrawal hacking;true;Tunnel facilitate parsing;Customer;SCSI;Mobility;COM Pants Plastic;Licensed;25691;deposit red Africa;70032;false;2022-05-19T14:21:40;one-to-one
8;../fake-data/blob/hipster.png;image/png;63716;state;installation;copying Data optical;payment Tasty;Berkshire override;Bedfordshire Baht;empower customized;Refined interface connecting;true;Towels;Infrastructure Bedfordshire;Handmade Towels;Avon;Leone Loaf Avon;approach engage;22073;Synergistic synthesizing Persistent;97510;false;2022-05-19T14:53:13;payment Borders
9;../fake-data/blob/hipster.png;image/png;87303;EXE;connecting users protocol;Account;bottom-line North;Wooden Future Wooden;invoice;orchid;Public-key;true;payment Soft fresh-thinking;transparent COM Forward;orchestrate;unleash Networked;Officer;River;78563;white Pennsylvania;56999;true;2022-05-19T17:20:34;throughput responsive Sausages
10;../fake-data/blob/hipster.png;image/png;48760;bluetooth Fantastic;clicks-and-mortar;Checking;multi-state;infrastructures copy;Borders;Industrial;task-force deposit bluetooth;true;interactive Sleek FTP;Brazilian action-items bluetooth;Virginia;strategic;data-warehouse;black;2735;streamline Persistent encoding;46245;false;2022-05-20T07:20:49;Movies
